experiment_type,ensemble_name,member_key,feature_config,model_name,negative_ratio,seed,n_members,train_subset_rows,n_columns,fit_seconds,best_iteration,split,threshold_strategy,top_fraction,n_flagged,positives_captured,precision_at_k,recall_at_k,base_rate,lift
history_negative_ratio_refinement_member,,NegRefineCat_d6_lr002_neg7_seed37,history_neg_ratio_refine_indicator_cat_interactions,NegRefineCat_d6_lr002_neg7_seed37,7.0,37,1,63200.0,199,61.59840100002475,1498.0,test,ranking,0.01,149,77,0.5167785234899329,0.04709480122324159,0.1102643647154033,4.686722902941116
history_negative_ratio_refinement_member,,NegRefineCat_d6_lr002_neg7_seed37,history_neg_ratio_refine_indicator_cat_interactions,NegRefineCat_d6_lr002_neg7_seed37,7.0,37,1,63200.0,199,61.59840100002475,1498.0,test,ranking,0.05,742,252,0.33962264150943394,0.15412844036697249,0.1102643647154033,3.080076164099013
history_negative_ratio_refinement_member,,NegRefineCat_d6_lr002_neg7_seed37,history_neg_ratio_refine_indicator_cat_interactions,NegRefineCat_d6_lr002_neg7_seed37,7.0,37,1,63200.0,199,61.59840100002475,1498.0,test,ranking,0.1,1483,415,0.279838165879973,0.25382262996941896,0.1102643647154033,2.5378839900111556
history_negative_ratio_refinement_member,,NegRefineCat_d6_lr002_neg7_seed37,history_neg_ratio_refine_indicator_cat_interactions,NegRefineCat_d6_lr002_neg7_seed37,7.0,37,1,63200.0,199,61.59840100002475,1498.0,test,ranking,0.2,2966,661,0.22285906945380984,0.40428134556574924,0.1102643647154033,2.0211341173462336
history_negative_ratio_refinement_member,,NegRefineCat_d6_lr002_neg7_seed202,history_neg_ratio_refine_indicator_cat_interactions,NegRefineCat_d6_lr002_neg7_seed202,7.0,202,1,63200.0,199,62.129774667089805,1479.0,test,ranking,0.01,149,71,0.47651006711409394,0.04342507645259939,0.1102643647154033,4.321523715698951
history_negative_ratio_refinement_member,,NegRefineCat_d6_lr002_neg7_seed202,history_neg_ratio_refine_indicator_cat_interactions,NegRefineCat_d6_lr002_neg7_seed202,7.0,202,1,63200.0,199,62.129774667089805,1479.0,test,ranking,0.05,742,249,0.33557951482479786,0.15229357798165138,0.1102643647154033,3.0434085907168824
history_negative_ratio_refinement_member,,NegRefineCat_d6_lr002_neg7_seed202,history_neg_ratio_refine_indicator_cat_interactions,NegRefineCat_d6_lr002_neg7_seed202,7.0,202,1,63200.0,199,62.129774667089805,1479.0,test,ranking,0.1,1483,419,0.2825354012137559,0.25626911314984707,0.1102643647154033,2.5623455224449985
history_negative_ratio_refinement_member,,NegRefineCat_d6_lr002_neg7_seed202,history_neg_ratio_refine_indicator_cat_interactions,NegRefineCat_d6_lr002_neg7_seed202,7.0,202,1,63200.0,199,62.129774667089805,1479.0,test,ranking,0.2,2966,658,0.22184760620364127,0.40244648318042814,0.1102643647154033,2.011961042683543
history_negative_ratio_refinement_member,,NegRefineCat_d6_lr002_neg7_seed404,history_neg_ratio_refine_indicator_cat_interactions,NegRefineCat_d6_lr002_neg7_seed404,7.0,404,1,63200.0,199,61.627603208995424,1464.0,test,ranking,0.01,149,79,0.5302013422818792,0.048318042813455656,0.1102643647154033,4.808455965355171
history_negative_ratio_refinement_member,,NegRefineCat_d6_lr002_neg7_seed404,history_neg_ratio_refine_indicator_cat_interactions,NegRefineCat_d6_lr002_neg7_seed404,7.0,404,1,63200.0,199,61.627603208995424,1464.0,test,ranking,0.05,742,249,0.33557951482479786,0.15229357798165138,0.1102643647154033,3.0434085907168824
history_negative_ratio_refinement_member,,NegRefineCat_d6_lr002_neg7_seed404,history_neg_ratio_refine_indicator_cat_interactions,NegRefineCat_d6_lr002_neg7_seed404,7.0,404,1,63200.0,199,61.627603208995424,1464.0,test,ranking,0.1,1483,412,0.27781523937963587,0.25198776758409785,0.1102643647154033,2.519537840685774
history_negative_ratio_refinement_member,,NegRefineCat_d6_lr002_neg7_seed404,history_neg_ratio_refine_indicator_cat_interactions,NegRefineCat_d6_lr002_neg7_seed404,7.0,404,1,63200.0,199,61.627603208995424,1464.0,test,ranking,0.2,2966,662,0.2231962238705327,0.40489296636085625,0.1102643647154033,2.024191808900464
history_negative_ratio_refinement_member,,NegRefineCat_d6_lr002_neg7_seed808,history_neg_ratio_refine_indicator_cat_interactions,NegRefineCat_d6_lr002_neg7_seed808,7.0,808,1,63200.0,199,64.82359033299144,1498.0,test,ranking,0.01,149,73,0.4899328859060403,0.044648318042813454,0.1102643647154033,4.443256778113006
history_negative_ratio_refinement_member,,NegRefineCat_d6_lr002_neg7_seed808,history_neg_ratio_refine_indicator_cat_interactions,NegRefineCat_d6_lr002_neg7_seed808,7.0,808,1,63200.0,199,64.82359033299144,1498.0,test,ranking,0.05,742,248,0.33423180592991913,0.15168195718654434,0.1102643647154033,3.0311860662561716
history_negative_ratio_refinement_member,,NegRefineCat_d6_lr002_neg7_seed808,history_neg_ratio_refine_indicator_cat_interactions,NegRefineCat_d6_lr002_neg7_seed808,7.0,808,1,63200.0,199,64.82359033299144,1498.0,test,ranking,0.1,1483,416,0.2805124747134187,0.25443425076452597,0.1102643647154033,2.5439993731196164
history_negative_ratio_refinement_member,,NegRefineCat_d6_lr002_neg7_seed808,history_neg_ratio_refine_indicator_cat_interactions,NegRefineCat_d6_lr002_neg7_seed808,7.0,808,1,63200.0,199,64.82359033299144,1498.0,test,ranking,0.2,2966,650,0.2191503708698584,0.39755351681957185,0.1102643647154033,1.9874995102497004
history_negative_ratio_refinement_member,,NegRefineCat_d6_lr002_neg7.5_seed37,history_neg_ratio_refine_indicator_cat_interactions,NegRefineCat_d6_lr002_neg7.5_seed37,7.5,37,1,67150.0,199,69.29012162506115,1498.0,test,ranking,0.01,149,78,0.5234899328859061,0.047706422018348627,0.1102643647154033,4.747589434148144
history_negative_ratio_refinement_member,,NegRefineCat_d6_lr002_neg7.5_seed37,history_neg_ratio_refine_indicator_cat_interactions,NegRefineCat_d6_lr002_neg7.5_seed37,7.5,37,1,67150.0,199,69.29012162506115,1498.0,test,ranking,0.05,742,248,0.33423180592991913,0.15168195718654434,0.1102643647154033,3.0311860662561716
history_negative_ratio_refinement_member,,NegRefineCat_d6_lr002_neg7.5_seed37,history_neg_ratio_refine_indicator_cat_interactions,NegRefineCat_d6_lr002_neg7.5_seed37,7.5,37,1,67150.0,199,69.29012162506115,1498.0,test,ranking,0.1,1483,413,0.2784895482130816,0.25259938837920487,0.1102643647154033,2.5256532237942344
history_negative_ratio_refinement_member,,NegRefineCat_d6_lr002_neg7.5_seed37,history_neg_ratio_refine_indicator_cat_interactions,NegRefineCat_d6_lr002_neg7.5_seed37,7.5,37,1,67150.0,199,69.29012162506115,1498.0,test,ranking,0.2,2966,662,0.2231962238705327,0.40489296636085625,0.1102643647154033,2.024191808900464
history_negative_ratio_refinement_member,,NegRefineCat_d6_lr002_neg7.5_seed202,history_neg_ratio_refine_indicator_cat_interactions,NegRefineCat_d6_lr002_neg7.5_seed202,7.5,202,1,67150.0,199,68.98934254201595,1474.0,test,ranking,0.01,149,77,0.5167785234899329,0.04709480122324159,0.1102643647154033,4.686722902941116
history_negative_ratio_refinement_member,,NegRefineCat_d6_lr002_neg7.5_seed202,history_neg_ratio_refine_indicator_cat_interactions,NegRefineCat_d6_lr002_neg7.5_seed202,7.5,202,1,67150.0,199,68.98934254201595,1474.0,test,ranking,0.05,742,252,0.33962264150943394,0.15412844036697249,0.1102643647154033,3.080076164099013
history_negative_ratio_refinement_member,,NegRefineCat_d6_lr002_neg7.5_seed202,history_neg_ratio_refine_indicator_cat_interactions,NegRefineCat_d6_lr002_neg7.5_seed202,7.5,202,1,67150.0,199,68.98934254201595,1474.0,test,ranking,0.1,1483,410,0.27646662171274444,0.25076452599388377,0.1102643647154033,2.507307074468853
history_negative_ratio_refinement_member,,NegRefineCat_d6_lr002_neg7.5_seed202,history_neg_ratio_refine_indicator_cat_interactions,NegRefineCat_d6_lr002_neg7.5_seed202,7.5,202,1,67150.0,199,68.98934254201595,1474.0,test,ranking,0.2,2966,664,0.22387053270397841,0.40611620795107034,0.1102643647154033,2.030307192008925
history_negative_ratio_refinement_member,,NegRefineCat_d6_lr002_neg7.5_seed404,history_neg_ratio_refine_indicator_cat_interactions,NegRefineCat_d6_lr002_neg7.5_seed404,7.5,404,1,67150.0,199,68.33258416701574,1496.0,test,ranking,0.01,149,80,0.5369127516778524,0.04892966360856269,0.1102643647154033,4.869322496562198
history_negative_ratio_refinement_member,,NegRefineCat_d6_lr002_neg7.5_seed404,history_neg_ratio_refine_indicator_cat_interactions,NegRefineCat_d6_lr002_neg7.5_seed404,7.5,404,1,67150.0,199,68.33258416701574,1496.0,test,ranking,0.05,742,249,0.33557951482479786,0.15229357798165138,0.1102643647154033,3.0434085907168824
history_negative_ratio_refinement_member,,NegRefineCat_d6_lr002_neg7.5_seed404,history_neg_ratio_refine_indicator_cat_interactions,NegRefineCat_d6_lr002_neg7.5_seed404,7.5,404,1,67150.0,199,68.33258416701574,1496.0,test,ranking,0.1,1483,417,0.28118678354686444,0.25504587155963304,0.1102643647154033,2.550114756228077
history_negative_ratio_refinement_member,,NegRefineCat_d6_lr002_neg7.5_seed404,history_neg_ratio_refine_indicator_cat_interactions,NegRefineCat_d6_lr002_neg7.5_seed404,7.5,404,1,67150.0,199,68.33258416701574,1496.0,test,ranking,0.2,2966,662,0.2231962238705327,0.40489296636085625,0.1102643647154033,2.024191808900464
history_negative_ratio_refinement_member,,NegRefineCat_d6_lr002_neg7.5_seed808,history_neg_ratio_refine_indicator_cat_interactions,NegRefineCat_d6_lr002_neg7.5_seed808,7.5,808,1,67150.0,199,67.14386879198719,1494.0,test,ranking,0.01,149,76,0.5100671140939598,0.046483180428134555,0.1102643647154033,4.625856371734089
history_negative_ratio_refinement_member,,NegRefineCat_d6_lr002_neg7.5_seed808,history_neg_ratio_refine_indicator_cat_interactions,NegRefineCat_d6_lr002_neg7.5_seed808,7.5,808,1,67150.0,199,67.14386879198719,1494.0,test,ranking,0.05,742,245,0.330188679245283,0.14984709480122324,0.1102643647154033,2.9945184928740405
history_negative_ratio_refinement_member,,NegRefineCat_d6_lr002_neg7.5_seed808,history_neg_ratio_refine_indicator_cat_interactions,NegRefineCat_d6_lr002_neg7.5_seed808,7.5,808,1,67150.0,199,67.14386879198719,1494.0,test,ranking,0.1,1483,415,0.279838165879973,0.25382262996941896,0.1102643647154033,2.5378839900111556
history_negative_ratio_refinement_member,,NegRefineCat_d6_lr002_neg7.5_seed808,history_neg_ratio_refine_indicator_cat_interactions,NegRefineCat_d6_lr002_neg7.5_seed808,7.5,808,1,67150.0,199,67.14386879198719,1494.0,test,ranking,0.2,2966,660,0.222521915037087,0.4036697247706422,0.1102643647154033,2.0180764257920036
history_negative_ratio_refinement_member,,NegRefineCat_d6_lr002_neg8_seed37,history_neg_ratio_refine_indicator_cat_interactions,NegRefineCat_d6_lr002_neg8_seed37,8.0,37,1,69444.0,199,70.29284220805857,1498.0,test,ranking,0.01,149,79,0.5302013422818792,0.048318042813455656,0.1102643647154033,4.808455965355171
history_negative_ratio_refinement_member,,NegRefineCat_d6_lr002_neg8_seed37,history_neg_ratio_refine_indicator_cat_interactions,NegRefineCat_d6_lr002_neg8_seed37,8.0,37,1,69444.0,199,70.29284220805857,1498.0,test,ranking,0.05,742,256,0.3450134770889488,0.1565749235474006,0.1102643647154033,3.128966261941855
history_negative_ratio_refinement_member,,NegRefineCat_d6_lr002_neg8_seed37,history_neg_ratio_refine_indicator_cat_interactions,NegRefineCat_d6_lr002_neg8_seed37,8.0,37,1,69444.0,199,70.29284220805857,1498.0,test,ranking,0.1,1483,412,0.27781523937963587,0.25198776758409785,0.1102643647154033,2.519537840685774
history_negative_ratio_refinement_member,,NegRefineCat_d6_lr002_neg8_seed37,history_neg_ratio_refine_indicator_cat_interactions,NegRefineCat_d6_lr002_neg8_seed37,8.0,37,1,69444.0,199,70.29284220805857,1498.0,test,ranking,0.2,2966,657,0.22151045178691842,0.4018348623853211,0.1102643647154033,2.008903351129313
history_negative_ratio_refinement_member,,NegRefineCat_d6_lr002_neg8_seed202,history_neg_ratio_refine_indicator_cat_interactions,NegRefineCat_d6_lr002_neg8_seed202,8.0,202,1,69444.0,199,72.67657500004862,1466.0,test,ranking,0.01,149,82,0.5503355704697986,0.05015290519877676,0.1102643647154033,4.991055558976253
history_negative_ratio_refinement_member,,NegRefineCat_d6_lr002_neg8_seed202,history_neg_ratio_refine_indicator_cat_interactions,NegRefineCat_d6_lr002_neg8_seed202,8.0,202,1,69444.0,199,72.67657500004862,1466.0,test,ranking,0.05,742,256,0.3450134770889488,0.1565749235474006,0.1102643647154033,3.128966261941855
history_negative_ratio_refinement_member,,NegRefineCat_d6_lr002_neg8_seed202,history_neg_ratio_refine_indicator_cat_interactions,NegRefineCat_d6_lr002_neg8_seed202,8.0,202,1,69444.0,199,72.67657500004862,1466.0,test,ranking,0.1,1483,415,0.279838165879973,0.25382262996941896,0.1102643647154033,2.5378839900111556
history_negative_ratio_refinement_member,,NegRefineCat_d6_lr002_neg8_seed202,history_neg_ratio_refine_indicator_cat_interactions,NegRefineCat_d6_lr002_neg8_seed202,8.0,202,1,69444.0,199,72.67657500004862,1466.0,test,ranking,0.2,2966,658,0.22184760620364127,0.40244648318042814,0.1102643647154033,2.011961042683543
history_negative_ratio_refinement_member,,NegRefineCat_d6_lr002_neg8_seed404,history_neg_ratio_refine_indicator_cat_interactions,NegRefineCat_d6_lr002_neg8_seed404,8.0,404,1,69444.0,199,70.27884500008076,1499.0,test,ranking,0.01,149,81,0.5436241610738255,0.04954128440366973,0.1102643647154033,4.9301890277692255
history_negative_ratio_refinement_member,,NegRefineCat_d6_lr002_neg8_seed404,history_neg_ratio_refine_indicator_cat_interactions,NegRefineCat_d6_lr002_neg8_seed404,8.0,404,1,69444.0,199,70.27884500008076,1499.0,test,ranking,0.05,742,251,0.33827493261455527,0.15351681957186544,0.1102643647154033,3.067853639638303
history_negative_ratio_refinement_member,,NegRefineCat_d6_lr002_neg8_seed404,history_neg_ratio_refine_indicator_cat_interactions,NegRefineCat_d6_lr002_neg8_seed404,8.0,404,1,69444.0,199,70.27884500008076,1499.0,test,ranking,0.1,1483,411,0.27714093054619016,0.25137614678899084,0.1102643647154033,2.5134224575773136
history_negative_ratio_refinement_member,,NegRefineCat_d6_lr002_neg8_seed404,history_neg_ratio_refine_indicator_cat_interactions,NegRefineCat_d6_lr002_neg8_seed404,8.0,404,1,69444.0,199,70.27884500008076,1499.0,test,ranking,0.2,2966,664,0.22387053270397841,0.40611620795107034,0.1102643647154033,2.030307192008925
history_negative_ratio_refinement_member,,NegRefineCat_d6_lr002_neg8_seed808,history_neg_ratio_refine_indicator_cat_interactions,NegRefineCat_d6_lr002_neg8_seed808,8.0,808,1,69444.0,199,68.85599554202054,1490.0,test,ranking,0.01,149,77,0.5167785234899329,0.04709480122324159,0.1102643647154033,4.686722902941116
history_negative_ratio_refinement_member,,NegRefineCat_d6_lr002_neg8_seed808,history_neg_ratio_refine_indicator_cat_interactions,NegRefineCat_d6_lr002_neg8_seed808,8.0,808,1,69444.0,199,68.85599554202054,1490.0,test,ranking,0.05,742,254,0.3423180592991914,0.15535168195718654,0.1102643647154033,3.1045212130204343
history_negative_ratio_refinement_member,,NegRefineCat_d6_lr002_neg8_seed808,history_neg_ratio_refine_indicator_cat_interactions,NegRefineCat_d6_lr002_neg8_seed808,8.0,808,1,69444.0,199,68.85599554202054,1490.0,test,ranking,0.1,1483,403,0.2717464598786244,0.24648318042813455,0.1102643647154033,2.4644993927096284
history_negative_ratio_refinement_member,,NegRefineCat_d6_lr002_neg8_seed808,history_neg_ratio_refine_indicator_cat_interactions,NegRefineCat_d6_lr002_neg8_seed808,8.0,808,1,69444.0,199,68.85599554202054,1490.0,test,ranking,0.2,2966,658,0.22184760620364127,0.40244648318042814,0.1102643647154033,2.011961042683543
history_negative_ratio_refinement_member,,NegRefineCat_d6_lr002_neg8.25_seed37,history_neg_ratio_refine_indicator_cat_interactions,NegRefineCat_d6_lr002_neg8.25_seed37,8.25,37,1,69444.0,199,69.30409383401275,1498.0,test,ranking,0.01,149,79,0.5302013422818792,0.048318042813455656,0.1102643647154033,4.808455965355171
history_negative_ratio_refinement_member,,NegRefineCat_d6_lr002_neg8.25_seed37,history_neg_ratio_refine_indicator_cat_interactions,NegRefineCat_d6_lr002_neg8.25_seed37,8.25,37,1,69444.0,199,69.30409383401275,1498.0,test,ranking,0.05,742,256,0.3450134770889488,0.1565749235474006,0.1102643647154033,3.128966261941855
history_negative_ratio_refinement_member,,NegRefineCat_d6_lr002_neg8.25_seed37,history_neg_ratio_refine_indicator_cat_interactions,NegRefineCat_d6_lr002_neg8.25_seed37,8.25,37,1,69444.0,199,69.30409383401275,1498.0,test,ranking,0.1,1483,412,0.27781523937963587,0.25198776758409785,0.1102643647154033,2.519537840685774
history_negative_ratio_refinement_member,,NegRefineCat_d6_lr002_neg8.25_seed37,history_neg_ratio_refine_indicator_cat_interactions,NegRefineCat_d6_lr002_neg8.25_seed37,8.25,37,1,69444.0,199,69.30409383401275,1498.0,test,ranking,0.2,2966,657,0.22151045178691842,0.4018348623853211,0.1102643647154033,2.008903351129313
history_negative_ratio_refinement_member,,NegRefineCat_d6_lr002_neg8.25_seed202,history_neg_ratio_refine_indicator_cat_interactions,NegRefineCat_d6_lr002_neg8.25_seed202,8.25,202,1,69444.0,199,69.86867679201532,1466.0,test,ranking,0.01,149,82,0.5503355704697986,0.05015290519877676,0.1102643647154033,4.991055558976253
history_negative_ratio_refinement_member,,NegRefineCat_d6_lr002_neg8.25_seed202,history_neg_ratio_refine_indicator_cat_interactions,NegRefineCat_d6_lr002_neg8.25_seed202,8.25,202,1,69444.0,199,69.86867679201532,1466.0,test,ranking,0.05,742,256,0.3450134770889488,0.1565749235474006,0.1102643647154033,3.128966261941855
history_negative_ratio_refinement_member,,NegRefineCat_d6_lr002_neg8.25_seed202,history_neg_ratio_refine_indicator_cat_interactions,NegRefineCat_d6_lr002_neg8.25_seed202,8.25,202,1,69444.0,199,69.86867679201532,1466.0,test,ranking,0.1,1483,415,0.279838165879973,0.25382262996941896,0.1102643647154033,2.5378839900111556
history_negative_ratio_refinement_member,,NegRefineCat_d6_lr002_neg8.25_seed202,history_neg_ratio_refine_indicator_cat_interactions,NegRefineCat_d6_lr002_neg8.25_seed202,8.25,202,1,69444.0,199,69.86867679201532,1466.0,test,ranking,0.2,2966,658,0.22184760620364127,0.40244648318042814,0.1102643647154033,2.011961042683543
history_negative_ratio_refinement_member,,NegRefineCat_d6_lr002_neg8.25_seed404,history_neg_ratio_refine_indicator_cat_interactions,NegRefineCat_d6_lr002_neg8.25_seed404,8.25,404,1,69444.0,199,70.19836904096883,1499.0,test,ranking,0.01,149,81,0.5436241610738255,0.04954128440366973,0.1102643647154033,4.9301890277692255
history_negative_ratio_refinement_member,,NegRefineCat_d6_lr002_neg8.25_seed404,history_neg_ratio_refine_indicator_cat_interactions,NegRefineCat_d6_lr002_neg8.25_seed404,8.25,404,1,69444.0,199,70.19836904096883,1499.0,test,ranking,0.05,742,251,0.33827493261455527,0.15351681957186544,0.1102643647154033,3.067853639638303
history_negative_ratio_refinement_member,,NegRefineCat_d6_lr002_neg8.25_seed404,history_neg_ratio_refine_indicator_cat_interactions,NegRefineCat_d6_lr002_neg8.25_seed404,8.25,404,1,69444.0,199,70.19836904096883,1499.0,test,ranking,0.1,1483,411,0.27714093054619016,0.25137614678899084,0.1102643647154033,2.5134224575773136
history_negative_ratio_refinement_member,,NegRefineCat_d6_lr002_neg8.25_seed404,history_neg_ratio_refine_indicator_cat_interactions,NegRefineCat_d6_lr002_neg8.25_seed404,8.25,404,1,69444.0,199,70.19836904096883,1499.0,test,ranking,0.2,2966,664,0.22387053270397841,0.40611620795107034,0.1102643647154033,2.030307192008925
history_negative_ratio_refinement_member,,NegRefineCat_d6_lr002_neg8.25_seed808,history_neg_ratio_refine_indicator_cat_interactions,NegRefineCat_d6_lr002_neg8.25_seed808,8.25,808,1,69444.0,199,70.37696983397473,1490.0,test,ranking,0.01,149,77,0.5167785234899329,0.04709480122324159,0.1102643647154033,4.686722902941116
history_negative_ratio_refinement_member,,NegRefineCat_d6_lr002_neg8.25_seed808,history_neg_ratio_refine_indicator_cat_interactions,NegRefineCat_d6_lr002_neg8.25_seed808,8.25,808,1,69444.0,199,70.37696983397473,1490.0,test,ranking,0.05,742,254,0.3423180592991914,0.15535168195718654,0.1102643647154033,3.1045212130204343
history_negative_ratio_refinement_member,,NegRefineCat_d6_lr002_neg8.25_seed808,history_neg_ratio_refine_indicator_cat_interactions,NegRefineCat_d6_lr002_neg8.25_seed808,8.25,808,1,69444.0,199,70.37696983397473,1490.0,test,ranking,0.1,1483,403,0.2717464598786244,0.24648318042813455,0.1102643647154033,2.4644993927096284
history_negative_ratio_refinement_member,,NegRefineCat_d6_lr002_neg8.25_seed808,history_neg_ratio_refine_indicator_cat_interactions,NegRefineCat_d6_lr002_neg8.25_seed808,8.25,808,1,69444.0,199,70.37696983397473,1490.0,test,ranking,0.2,2966,658,0.22184760620364127,0.40244648318042814,0.1102643647154033,2.011961042683543
history_negative_ratio_refinement_member,,NegRefineCat_d6_lr002_neg8.5_seed37,history_neg_ratio_refine_indicator_cat_interactions,NegRefineCat_d6_lr002_neg8.5_seed37,8.5,37,1,69444.0,199,70.74401862500235,1498.0,test,ranking,0.01,149,79,0.5302013422818792,0.048318042813455656,0.1102643647154033,4.808455965355171
history_negative_ratio_refinement_member,,NegRefineCat_d6_lr002_neg8.5_seed37,history_neg_ratio_refine_indicator_cat_interactions,NegRefineCat_d6_lr002_neg8.5_seed37,8.5,37,1,69444.0,199,70.74401862500235,1498.0,test,ranking,0.05,742,256,0.3450134770889488,0.1565749235474006,0.1102643647154033,3.128966261941855
history_negative_ratio_refinement_member,,NegRefineCat_d6_lr002_neg8.5_seed37,history_neg_ratio_refine_indicator_cat_interactions,NegRefineCat_d6_lr002_neg8.5_seed37,8.5,37,1,69444.0,199,70.74401862500235,1498.0,test,ranking,0.1,1483,412,0.27781523937963587,0.25198776758409785,0.1102643647154033,2.519537840685774
history_negative_ratio_refinement_member,,NegRefineCat_d6_lr002_neg8.5_seed37,history_neg_ratio_refine_indicator_cat_interactions,NegRefineCat_d6_lr002_neg8.5_seed37,8.5,37,1,69444.0,199,70.74401862500235,1498.0,test,ranking,0.2,2966,657,0.22151045178691842,0.4018348623853211,0.1102643647154033,2.008903351129313
history_negative_ratio_refinement_member,,NegRefineCat_d6_lr002_neg8.5_seed202,history_neg_ratio_refine_indicator_cat_interactions,NegRefineCat_d6_lr002_neg8.5_seed202,8.5,202,1,69444.0,199,68.84429762500804,1466.0,test,ranking,0.01,149,82,0.5503355704697986,0.05015290519877676,0.1102643647154033,4.991055558976253
history_negative_ratio_refinement_member,,NegRefineCat_d6_lr002_neg8.5_seed202,history_neg_ratio_refine_indicator_cat_interactions,NegRefineCat_d6_lr002_neg8.5_seed202,8.5,202,1,69444.0,199,68.84429762500804,1466.0,test,ranking,0.05,742,256,0.3450134770889488,0.1565749235474006,0.1102643647154033,3.128966261941855
history_negative_ratio_refinement_member,,NegRefineCat_d6_lr002_neg8.5_seed202,history_neg_ratio_refine_indicator_cat_interactions,NegRefineCat_d6_lr002_neg8.5_seed202,8.5,202,1,69444.0,199,68.84429762500804,1466.0,test,ranking,0.1,1483,415,0.279838165879973,0.25382262996941896,0.1102643647154033,2.5378839900111556
history_negative_ratio_refinement_member,,NegRefineCat_d6_lr002_neg8.5_seed202,history_neg_ratio_refine_indicator_cat_interactions,NegRefineCat_d6_lr002_neg8.5_seed202,8.5,202,1,69444.0,199,68.84429762500804,1466.0,test,ranking,0.2,2966,658,0.22184760620364127,0.40244648318042814,0.1102643647154033,2.011961042683543
history_negative_ratio_refinement_member,,NegRefineCat_d6_lr002_neg8.5_seed404,history_neg_ratio_refine_indicator_cat_interactions,NegRefineCat_d6_lr002_neg8.5_seed404,8.5,404,1,69444.0,199,70.91238329198677,1499.0,test,ranking,0.01,149,81,0.5436241610738255,0.04954128440366973,0.1102643647154033,4.9301890277692255
history_negative_ratio_refinement_member,,NegRefineCat_d6_lr002_neg8.5_seed404,history_neg_ratio_refine_indicator_cat_interactions,NegRefineCat_d6_lr002_neg8.5_seed404,8.5,404,1,69444.0,199,70.91238329198677,1499.0,test,ranking,0.05,742,251,0.33827493261455527,0.15351681957186544,0.1102643647154033,3.067853639638303
history_negative_ratio_refinement_member,,NegRefineCat_d6_lr002_neg8.5_seed404,history_neg_ratio_refine_indicator_cat_interactions,NegRefineCat_d6_lr002_neg8.5_seed404,8.5,404,1,69444.0,199,70.91238329198677,1499.0,test,ranking,0.1,1483,411,0.27714093054619016,0.25137614678899084,0.1102643647154033,2.5134224575773136
history_negative_ratio_refinement_member,,NegRefineCat_d6_lr002_neg8.5_seed404,history_neg_ratio_refine_indicator_cat_interactions,NegRefineCat_d6_lr002_neg8.5_seed404,8.5,404,1,69444.0,199,70.91238329198677,1499.0,test,ranking,0.2,2966,664,0.22387053270397841,0.40611620795107034,0.1102643647154033,2.030307192008925
history_negative_ratio_refinement_member,,NegRefineCat_d6_lr002_neg8.5_seed808,history_neg_ratio_refine_indicator_cat_interactions,NegRefineCat_d6_lr002_neg8.5_seed808,8.5,808,1,69444.0,199,68.50872199994046,1490.0,test,ranking,0.01,149,77,0.5167785234899329,0.04709480122324159,0.1102643647154033,4.686722902941116
history_negative_ratio_refinement_member,,NegRefineCat_d6_lr002_neg8.5_seed808,history_neg_ratio_refine_indicator_cat_interactions,NegRefineCat_d6_lr002_neg8.5_seed808,8.5,808,1,69444.0,199,68.50872199994046,1490.0,test,ranking,0.05,742,254,0.3423180592991914,0.15535168195718654,0.1102643647154033,3.1045212130204343
history_negative_ratio_refinement_member,,NegRefineCat_d6_lr002_neg8.5_seed808,history_neg_ratio_refine_indicator_cat_interactions,NegRefineCat_d6_lr002_neg8.5_seed808,8.5,808,1,69444.0,199,68.50872199994046,1490.0,test,ranking,0.1,1483,403,0.2717464598786244,0.24648318042813455,0.1102643647154033,2.4644993927096284
history_negative_ratio_refinement_member,,NegRefineCat_d6_lr002_neg8.5_seed808,history_neg_ratio_refine_indicator_cat_interactions,NegRefineCat_d6_lr002_neg8.5_seed808,8.5,808,1,69444.0,199,68.50872199994046,1490.0,test,ranking,0.2,2966,658,0.22184760620364127,0.40244648318042814,0.1102643647154033,2.011961042683543
history_negative_ratio_refinement_member,,NegRefineCat_d6_lr002_neg9_seed37,history_neg_ratio_refine_indicator_cat_interactions,NegRefineCat_d6_lr002_neg9_seed37,9.0,37,1,69444.0,199,70.19130412500817,1498.0,test,ranking,0.01,149,79,0.5302013422818792,0.048318042813455656,0.1102643647154033,4.808455965355171
history_negative_ratio_refinement_member,,NegRefineCat_d6_lr002_neg9_seed37,history_neg_ratio_refine_indicator_cat_interactions,NegRefineCat_d6_lr002_neg9_seed37,9.0,37,1,69444.0,199,70.19130412500817,1498.0,test,ranking,0.05,742,256,0.3450134770889488,0.1565749235474006,0.1102643647154033,3.128966261941855
history_negative_ratio_refinement_member,,NegRefineCat_d6_lr002_neg9_seed37,history_neg_ratio_refine_indicator_cat_interactions,NegRefineCat_d6_lr002_neg9_seed37,9.0,37,1,69444.0,199,70.19130412500817,1498.0,test,ranking,0.1,1483,412,0.27781523937963587,0.25198776758409785,0.1102643647154033,2.519537840685774
history_negative_ratio_refinement_member,,NegRefineCat_d6_lr002_neg9_seed37,history_neg_ratio_refine_indicator_cat_interactions,NegRefineCat_d6_lr002_neg9_seed37,9.0,37,1,69444.0,199,70.19130412500817,1498.0,test,ranking,0.2,2966,657,0.22151045178691842,0.4018348623853211,0.1102643647154033,2.008903351129313
history_negative_ratio_refinement_member,,NegRefineCat_d6_lr002_neg9_seed202,history_neg_ratio_refine_indicator_cat_interactions,NegRefineCat_d6_lr002_neg9_seed202,9.0,202,1,69444.0,199,68.91354166704696,1466.0,test,ranking,0.01,149,82,0.5503355704697986,0.05015290519877676,0.1102643647154033,4.991055558976253
history_negative_ratio_refinement_member,,NegRefineCat_d6_lr002_neg9_seed202,history_neg_ratio_refine_indicator_cat_interactions,NegRefineCat_d6_lr002_neg9_seed202,9.0,202,1,69444.0,199,68.91354166704696,1466.0,test,ranking,0.05,742,256,0.3450134770889488,0.1565749235474006,0.1102643647154033,3.128966261941855
history_negative_ratio_refinement_member,,NegRefineCat_d6_lr002_neg9_seed202,history_neg_ratio_refine_indicator_cat_interactions,NegRefineCat_d6_lr002_neg9_seed202,9.0,202,1,69444.0,199,68.91354166704696,1466.0,test,ranking,0.1,1483,415,0.279838165879973,0.25382262996941896,0.1102643647154033,2.5378839900111556
history_negative_ratio_refinement_member,,NegRefineCat_d6_lr002_neg9_seed202,history_neg_ratio_refine_indicator_cat_interactions,NegRefineCat_d6_lr002_neg9_seed202,9.0,202,1,69444.0,199,68.91354166704696,1466.0,test,ranking,0.2,2966,658,0.22184760620364127,0.40244648318042814,0.1102643647154033,2.011961042683543
history_negative_ratio_refinement_member,,NegRefineCat_d6_lr002_neg9_seed404,history_neg_ratio_refine_indicator_cat_interactions,NegRefineCat_d6_lr002_neg9_seed404,9.0,404,1,69444.0,199,69.10618024994619,1499.0,test,ranking,0.01,149,81,0.5436241610738255,0.04954128440366973,0.1102643647154033,4.9301890277692255
history_negative_ratio_refinement_member,,NegRefineCat_d6_lr002_neg9_seed404,history_neg_ratio_refine_indicator_cat_interactions,NegRefineCat_d6_lr002_neg9_seed404,9.0,404,1,69444.0,199,69.10618024994619,1499.0,test,ranking,0.05,742,251,0.33827493261455527,0.15351681957186544,0.1102643647154033,3.067853639638303
history_negative_ratio_refinement_member,,NegRefineCat_d6_lr002_neg9_seed404,history_neg_ratio_refine_indicator_cat_interactions,NegRefineCat_d6_lr002_neg9_seed404,9.0,404,1,69444.0,199,69.10618024994619,1499.0,test,ranking,0.1,1483,411,0.27714093054619016,0.25137614678899084,0.1102643647154033,2.5134224575773136
history_negative_ratio_refinement_member,,NegRefineCat_d6_lr002_neg9_seed404,history_neg_ratio_refine_indicator_cat_interactions,NegRefineCat_d6_lr002_neg9_seed404,9.0,404,1,69444.0,199,69.10618024994619,1499.0,test,ranking,0.2,2966,664,0.22387053270397841,0.40611620795107034,0.1102643647154033,2.030307192008925
history_negative_ratio_refinement_member,,NegRefineCat_d6_lr002_neg9_seed808,history_neg_ratio_refine_indicator_cat_interactions,NegRefineCat_d6_lr002_neg9_seed808,9.0,808,1,69444.0,199,68.50096433400176,1490.0,test,ranking,0.01,149,77,0.5167785234899329,0.04709480122324159,0.1102643647154033,4.686722902941116
history_negative_ratio_refinement_member,,NegRefineCat_d6_lr002_neg9_seed808,history_neg_ratio_refine_indicator_cat_interactions,NegRefineCat_d6_lr002_neg9_seed808,9.0,808,1,69444.0,199,68.50096433400176,1490.0,test,ranking,0.05,742,254,0.3423180592991914,0.15535168195718654,0.1102643647154033,3.1045212130204343
history_negative_ratio_refinement_member,,NegRefineCat_d6_lr002_neg9_seed808,history_neg_ratio_refine_indicator_cat_interactions,NegRefineCat_d6_lr002_neg9_seed808,9.0,808,1,69444.0,199,68.50096433400176,1490.0,test,ranking,0.1,1483,403,0.2717464598786244,0.24648318042813455,0.1102643647154033,2.4644993927096284
history_negative_ratio_refinement_member,,NegRefineCat_d6_lr002_neg9_seed808,history_neg_ratio_refine_indicator_cat_interactions,NegRefineCat_d6_lr002_neg9_seed808,9.0,808,1,69444.0,199,68.50096433400176,1490.0,test,ranking,0.2,2966,658,0.22184760620364127,0.40244648318042814,0.1102643647154033,2.011961042683543
history_negative_ratio_refinement_member,,NegRefineCat_d6_lr002_neg8_seed11,history_neg_ratio_refine_indicator_cat_interactions,NegRefineCat_d6_lr002_neg8_seed11,8.0,11,1,69444.0,199,69.40959924994968,1489.0,test,ranking,0.01,149,79,0.5302013422818792,0.048318042813455656,0.1102643647154033,4.808455965355171
history_negative_ratio_refinement_member,,NegRefineCat_d6_lr002_neg8_seed11,history_neg_ratio_refine_indicator_cat_interactions,NegRefineCat_d6_lr002_neg8_seed11,8.0,11,1,69444.0,199,69.40959924994968,1489.0,test,ranking,0.05,742,243,0.3274932614555256,0.14862385321100918,0.1102643647154033,2.9700734439526197
history_negative_ratio_refinement_member,,NegRefineCat_d6_lr002_neg8_seed11,history_neg_ratio_refine_indicator_cat_interactions,NegRefineCat_d6_lr002_neg8_seed11,8.0,11,1,69444.0,199,69.40959924994968,1489.0,test,ranking,0.1,1483,418,0.2818610923803102,0.25565749235474006,0.1102643647154033,2.556230139336538
history_negative_ratio_refinement_member,,NegRefineCat_d6_lr002_neg8_seed11,history_neg_ratio_refine_indicator_cat_interactions,NegRefineCat_d6_lr002_neg8_seed11,8.0,11,1,69444.0,199,69.40959924994968,1489.0,test,ranking,0.2,2966,670,0.22589345920431558,0.40978593272171254,0.1102643647154033,2.0486533413343064
history_negative_ratio_refinement_member,,NegRefineCat_d6_lr002_neg8_seed73,history_neg_ratio_refine_indicator_cat_interactions,NegRefineCat_d6_lr002_neg8_seed73,8.0,73,1,69444.0,199,69.4806365830591,1496.0,test,ranking,0.01,149,79,0.5302013422818792,0.048318042813455656,0.1102643647154033,4.808455965355171
history_negative_ratio_refinement_member,,NegRefineCat_d6_lr002_neg8_seed73,history_neg_ratio_refine_indicator_cat_interactions,NegRefineCat_d6_lr002_neg8_seed73,8.0,73,1,69444.0,199,69.4806365830591,1496.0,test,ranking,0.05,742,256,0.3450134770889488,0.1565749235474006,0.1102643647154033,3.128966261941855
history_negative_ratio_refinement_member,,NegRefineCat_d6_lr002_neg8_seed73,history_neg_ratio_refine_indicator_cat_interactions,NegRefineCat_d6_lr002_neg8_seed73,8.0,73,1,69444.0,199,69.4806365830591,1496.0,test,ranking,0.1,1483,414,0.2791638570465273,0.25321100917431194,0.1102643647154033,2.5317686069026952
history_negative_ratio_refinement_member,,NegRefineCat_d6_lr002_neg8_seed73,history_neg_ratio_refine_indicator_cat_interactions,NegRefineCat_d6_lr002_neg8_seed73,8.0,73,1,69444.0,199,69.4806365830591,1496.0,test,ranking,0.2,2966,659,0.22218476062036413,0.40305810397553515,0.1102643647154033,2.0150187342377732
history_negative_ratio_refinement_member,,NegRefineCat_d6_lr002_neg8_seed131,history_neg_ratio_refine_indicator_cat_interactions,NegRefineCat_d6_lr002_neg8_seed131,8.0,131,1,69444.0,199,70.10878058406524,1453.0,test,ranking,0.01,149,79,0.5302013422818792,0.048318042813455656,0.1102643647154033,4.808455965355171
history_negative_ratio_refinement_member,,NegRefineCat_d6_lr002_neg8_seed131,history_neg_ratio_refine_indicator_cat_interactions,NegRefineCat_d6_lr002_neg8_seed131,8.0,131,1,69444.0,199,70.10878058406524,1453.0,test,ranking,0.05,742,254,0.3423180592991914,0.15535168195718654,0.1102643647154033,3.1045212130204343
history_negative_ratio_refinement_member,,NegRefineCat_d6_lr002_neg8_seed131,history_neg_ratio_refine_indicator_cat_interactions,NegRefineCat_d6_lr002_neg8_seed131,8.0,131,1,69444.0,199,70.10878058406524,1453.0,test,ranking,0.1,1483,409,0.27579231287929873,0.25015290519877675,0.1102643647154033,2.5011916913603924
history_negative_ratio_refinement_member,,NegRefineCat_d6_lr002_neg8_seed131,history_neg_ratio_refine_indicator_cat_interactions,NegRefineCat_d6_lr002_neg8_seed131,8.0,131,1,69444.0,199,70.10878058406524,1453.0,test,ranking,0.2,2966,657,0.22151045178691842,0.4018348623853211,0.1102643647154033,2.008903351129313
history_negative_ratio_refinement_member,,NegRefineCat_d6_lr002_neg8_seed313,history_neg_ratio_refine_indicator_cat_interactions,NegRefineCat_d6_lr002_neg8_seed313,8.0,313,1,69444.0,199,70.04805287509225,1481.0,test,ranking,0.01,149,82,0.5503355704697986,0.05015290519877676,0.1102643647154033,4.991055558976253
history_negative_ratio_refinement_member,,NegRefineCat_d6_lr002_neg8_seed313,history_neg_ratio_refine_indicator_cat_interactions,NegRefineCat_d6_lr002_neg8_seed313,8.0,313,1,69444.0,199,70.04805287509225,1481.0,test,ranking,0.05,742,248,0.33423180592991913,0.15168195718654434,0.1102643647154033,3.0311860662561716
history_negative_ratio_refinement_member,,NegRefineCat_d6_lr002_neg8_seed313,history_neg_ratio_refine_indicator_cat_interactions,NegRefineCat_d6_lr002_neg8_seed313,8.0,313,1,69444.0,199,70.04805287509225,1481.0,test,ranking,0.1,1483,404,0.2724207687120701,0.2470948012232416,0.1102643647154033,2.4706147758180887
history_negative_ratio_refinement_member,,NegRefineCat_d6_lr002_neg8_seed313,history_neg_ratio_refine_indicator_cat_interactions,NegRefineCat_d6_lr002_neg8_seed313,8.0,313,1,69444.0,199,70.04805287509225,1481.0,test,ranking,0.2,2966,662,0.2231962238705327,0.40489296636085625,0.1102643647154033,2.024191808900464
history_negative_ratio_refinement_member,,NegRefineCat_d6_lr002_neg8_seed515,history_neg_ratio_refine_indicator_cat_interactions,NegRefineCat_d6_lr002_neg8_seed515,8.0,515,1,69444.0,199,58.565708333975635,1134.0,test,ranking,0.01,149,76,0.5100671140939598,0.046483180428134555,0.1102643647154033,4.625856371734089
history_negative_ratio_refinement_member,,NegRefineCat_d6_lr002_neg8_seed515,history_neg_ratio_refine_indicator_cat_interactions,NegRefineCat_d6_lr002_neg8_seed515,8.0,515,1,69444.0,199,58.565708333975635,1134.0,test,ranking,0.05,742,256,0.3450134770889488,0.1565749235474006,0.1102643647154033,3.128966261941855
history_negative_ratio_refinement_member,,NegRefineCat_d6_lr002_neg8_seed515,history_neg_ratio_refine_indicator_cat_interactions,NegRefineCat_d6_lr002_neg8_seed515,8.0,515,1,69444.0,199,58.565708333975635,1134.0,test,ranking,0.1,1483,414,0.2791638570465273,0.25321100917431194,0.1102643647154033,2.5317686069026952
history_negative_ratio_refinement_member,,NegRefineCat_d6_lr002_neg8_seed515,history_neg_ratio_refine_indicator_cat_interactions,NegRefineCat_d6_lr002_neg8_seed515,8.0,515,1,69444.0,199,58.565708333975635,1134.0,test,ranking,0.2,2966,656,0.22117329737019556,0.40122324159021405,0.1102643647154033,2.0058456595750824
history_negative_ratio_refinement_member,,NegRefineCat_d6_lr002_neg8_seed919,history_neg_ratio_refine_indicator_cat_interactions,NegRefineCat_d6_lr002_neg8_seed919,8.0,919,1,69444.0,199,69.85340079199523,1499.0,test,ranking,0.01,149,77,0.5167785234899329,0.04709480122324159,0.1102643647154033,4.686722902941116
history_negative_ratio_refinement_member,,NegRefineCat_d6_lr002_neg8_seed919,history_neg_ratio_refine_indicator_cat_interactions,NegRefineCat_d6_lr002_neg8_seed919,8.0,919,1,69444.0,199,69.85340079199523,1499.0,test,ranking,0.05,742,258,0.3477088948787062,0.1577981651376147,0.1102643647154033,3.1534113108632753
history_negative_ratio_refinement_member,,NegRefineCat_d6_lr002_neg8_seed919,history_neg_ratio_refine_indicator_cat_interactions,NegRefineCat_d6_lr002_neg8_seed919,8.0,919,1,69444.0,199,69.85340079199523,1499.0,test,ranking,0.1,1483,410,0.27646662171274444,0.25076452599388377,0.1102643647154033,2.507307074468853
history_negative_ratio_refinement_member,,NegRefineCat_d6_lr002_neg8_seed919,history_neg_ratio_refine_indicator_cat_interactions,NegRefineCat_d6_lr002_neg8_seed919,8.0,919,1,69444.0,199,69.85340079199523,1499.0,test,ranking,0.2,2966,662,0.2231962238705327,0.40489296636085625,0.1102643647154033,2.024191808900464
history_negative_ratio_refinement_ensemble,score_average_top3_validation_members,NegRefineCat_d6_lr002_neg7.5_seed37|NegRefineCat_d6_lr002_neg7_seed202|NegRefineCat_d6_lr002_neg8_seed313,history_neg_ratio_refine_indicator_cat_interactions,score_average_top3_validation_members,-1.0,-1,3,,199,0.0,,test,ranking,0.01,149,78,0.5234899328859061,0.047706422018348627,0.1102643647154033,4.747589434148144
history_negative_ratio_refinement_ensemble,score_average_top3_validation_members,NegRefineCat_d6_lr002_neg7.5_seed37|NegRefineCat_d6_lr002_neg7_seed202|NegRefineCat_d6_lr002_neg8_seed313,history_neg_ratio_refine_indicator_cat_interactions,score_average_top3_validation_members,-1.0,-1,3,,199,0.0,,test,ranking,0.05,742,248,0.33423180592991913,0.15168195718654434,0.1102643647154033,3.0311860662561716
history_negative_ratio_refinement_ensemble,score_average_top3_validation_members,NegRefineCat_d6_lr002_neg7.5_seed37|NegRefineCat_d6_lr002_neg7_seed202|NegRefineCat_d6_lr002_neg8_seed313,history_neg_ratio_refine_indicator_cat_interactions,score_average_top3_validation_members,-1.0,-1,3,,199,0.0,,test,ranking,0.1,1483,416,0.2805124747134187,0.25443425076452597,0.1102643647154033,2.5439993731196164
history_negative_ratio_refinement_ensemble,score_average_top3_validation_members,NegRefineCat_d6_lr002_neg7.5_seed37|NegRefineCat_d6_lr002_neg7_seed202|NegRefineCat_d6_lr002_neg8_seed313,history_neg_ratio_refine_indicator_cat_interactions,score_average_top3_validation_members,-1.0,-1,3,,199,0.0,,test,ranking,0.2,2966,658,0.22184760620364127,0.40244648318042814,0.1102643647154033,2.011961042683543
history_negative_ratio_refinement_ensemble,rank_average_top3_validation_members,NegRefineCat_d6_lr002_neg7.5_seed37|NegRefineCat_d6_lr002_neg7_seed202|NegRefineCat_d6_lr002_neg8_seed313,history_neg_ratio_refine_indicator_cat_interactions,rank_average_top3_validation_members,-1.0,-1,3,,199,0.0,,test,ranking,0.01,149,79,0.5302013422818792,0.048318042813455656,0.1102643647154033,4.808455965355171
history_negative_ratio_refinement_ensemble,rank_average_top3_validation_members,NegRefineCat_d6_lr002_neg7.5_seed37|NegRefineCat_d6_lr002_neg7_seed202|NegRefineCat_d6_lr002_neg8_seed313,history_neg_ratio_refine_indicator_cat_interactions,rank_average_top3_validation_members,-1.0,-1,3,,199,0.0,,test,ranking,0.05,742,248,0.33423180592991913,0.15168195718654434,0.1102643647154033,3.0311860662561716
history_negative_ratio_refinement_ensemble,rank_average_top3_validation_members,NegRefineCat_d6_lr002_neg7.5_seed37|NegRefineCat_d6_lr002_neg7_seed202|NegRefineCat_d6_lr002_neg8_seed313,history_neg_ratio_refine_indicator_cat_interactions,rank_average_top3_validation_members,-1.0,-1,3,,199,0.0,,test,ranking,0.1,1483,417,0.28118678354686444,0.25504587155963304,0.1102643647154033,2.550114756228077
history_negative_ratio_refinement_ensemble,rank_average_top3_validation_members,NegRefineCat_d6_lr002_neg7.5_seed37|NegRefineCat_d6_lr002_neg7_seed202|NegRefineCat_d6_lr002_neg8_seed313,history_neg_ratio_refine_indicator_cat_interactions,rank_average_top3_validation_members,-1.0,-1,3,,199,0.0,,test,ranking,0.2,2966,659,0.22218476062036413,0.40305810397553515,0.1102643647154033,2.0150187342377732
history_negative_ratio_refinement_ensemble,val_pr_weighted_top3_validation_members,NegRefineCat_d6_lr002_neg7.5_seed37|NegRefineCat_d6_lr002_neg7_seed202|NegRefineCat_d6_lr002_neg8_seed313,history_neg_ratio_refine_indicator_cat_interactions,val_pr_weighted_top3_validation_members,-1.0,-1,3,,199,0.0,,test,ranking,0.01,149,78,0.5234899328859061,0.047706422018348627,0.1102643647154033,4.747589434148144
history_negative_ratio_refinement_ensemble,val_pr_weighted_top3_validation_members,NegRefineCat_d6_lr002_neg7.5_seed37|NegRefineCat_d6_lr002_neg7_seed202|NegRefineCat_d6_lr002_neg8_seed313,history_neg_ratio_refine_indicator_cat_interactions,val_pr_weighted_top3_validation_members,-1.0,-1,3,,199,0.0,,test,ranking,0.05,742,248,0.33423180592991913,0.15168195718654434,0.1102643647154033,3.0311860662561716
history_negative_ratio_refinement_ensemble,val_pr_weighted_top3_validation_members,NegRefineCat_d6_lr002_neg7.5_seed37|NegRefineCat_d6_lr002_neg7_seed202|NegRefineCat_d6_lr002_neg8_seed313,history_neg_ratio_refine_indicator_cat_interactions,val_pr_weighted_top3_validation_members,-1.0,-1,3,,199,0.0,,test,ranking,0.1,1483,416,0.2805124747134187,0.25443425076452597,0.1102643647154033,2.5439993731196164
history_negative_ratio_refinement_ensemble,val_pr_weighted_top3_validation_members,NegRefineCat_d6_lr002_neg7.5_seed37|NegRefineCat_d6_lr002_neg7_seed202|NegRefineCat_d6_lr002_neg8_seed313,history_neg_ratio_refine_indicator_cat_interactions,val_pr_weighted_top3_validation_members,-1.0,-1,3,,199,0.0,,test,ranking,0.2,2966,658,0.22184760620364127,0.40244648318042814,0.1102643647154033,2.011961042683543
history_negative_ratio_refinement_ensemble,score_average_top5_validation_members,NegRefineCat_d6_lr002_neg7.5_seed37|NegRefineCat_d6_lr002_neg7_seed202|NegRefineCat_d6_lr002_neg8_seed313|NegRefineCat_d6_lr002_neg7_seed404|NegRefineCat_d6_lr002_neg8_seed202,history_neg_ratio_refine_indicator_cat_interactions,score_average_top5_validation_members,-1.0,-1,5,,199,0.0,,test,ranking,0.01,149,80,0.5369127516778524,0.04892966360856269,0.1102643647154033,4.869322496562198
history_negative_ratio_refinement_ensemble,score_average_top5_validation_members,NegRefineCat_d6_lr002_neg7.5_seed37|NegRefineCat_d6_lr002_neg7_seed202|NegRefineCat_d6_lr002_neg8_seed313|NegRefineCat_d6_lr002_neg7_seed404|NegRefineCat_d6_lr002_neg8_seed202,history_neg_ratio_refine_indicator_cat_interactions,score_average_top5_validation_members,-1.0,-1,5,,199,0.0,,test,ranking,0.05,742,249,0.33557951482479786,0.15229357798165138,0.1102643647154033,3.0434085907168824
history_negative_ratio_refinement_ensemble,score_average_top5_validation_members,NegRefineCat_d6_lr002_neg7.5_seed37|NegRefineCat_d6_lr002_neg7_seed202|NegRefineCat_d6_lr002_neg8_seed313|NegRefineCat_d6_lr002_neg7_seed404|NegRefineCat_d6_lr002_neg8_seed202,history_neg_ratio_refine_indicator_cat_interactions,score_average_top5_validation_members,-1.0,-1,5,,199,0.0,,test,ranking,0.1,1483,417,0.28118678354686444,0.25504587155963304,0.1102643647154033,2.550114756228077
history_negative_ratio_refinement_ensemble,score_average_top5_validation_members,NegRefineCat_d6_lr002_neg7.5_seed37|NegRefineCat_d6_lr002_neg7_seed202|NegRefineCat_d6_lr002_neg8_seed313|NegRefineCat_d6_lr002_neg7_seed404|NegRefineCat_d6_lr002_neg8_seed202,history_neg_ratio_refine_indicator_cat_interactions,score_average_top5_validation_members,-1.0,-1,5,,199,0.0,,test,ranking,0.2,2966,660,0.222521915037087,0.4036697247706422,0.1102643647154033,2.0180764257920036
history_negative_ratio_refinement_ensemble,rank_average_top5_validation_members,NegRefineCat_d6_lr002_neg7.5_seed37|NegRefineCat_d6_lr002_neg7_seed202|NegRefineCat_d6_lr002_neg8_seed313|NegRefineCat_d6_lr002_neg7_seed404|NegRefineCat_d6_lr002_neg8_seed202,history_neg_ratio_refine_indicator_cat_interactions,rank_average_top5_validation_members,-1.0,-1,5,,199,0.0,,test,ranking,0.01,149,80,0.5369127516778524,0.04892966360856269,0.1102643647154033,4.869322496562198
history_negative_ratio_refinement_ensemble,rank_average_top5_validation_members,NegRefineCat_d6_lr002_neg7.5_seed37|NegRefineCat_d6_lr002_neg7_seed202|NegRefineCat_d6_lr002_neg8_seed313|NegRefineCat_d6_lr002_neg7_seed404|NegRefineCat_d6_lr002_neg8_seed202,history_neg_ratio_refine_indicator_cat_interactions,rank_average_top5_validation_members,-1.0,-1,5,,199,0.0,,test,ranking,0.05,742,248,0.33423180592991913,0.15168195718654434,0.1102643647154033,3.0311860662561716
history_negative_ratio_refinement_ensemble,rank_average_top5_validation_members,NegRefineCat_d6_lr002_neg7.5_seed37|NegRefineCat_d6_lr002_neg7_seed202|NegRefineCat_d6_lr002_neg8_seed313|NegRefineCat_d6_lr002_neg7_seed404|NegRefineCat_d6_lr002_neg8_seed202,history_neg_ratio_refine_indicator_cat_interactions,rank_average_top5_validation_members,-1.0,-1,5,,199,0.0,,test,ranking,0.1,1483,416,0.2805124747134187,0.25443425076452597,0.1102643647154033,2.5439993731196164
history_negative_ratio_refinement_ensemble,rank_average_top5_validation_members,NegRefineCat_d6_lr002_neg7.5_seed37|NegRefineCat_d6_lr002_neg7_seed202|NegRefineCat_d6_lr002_neg8_seed313|NegRefineCat_d6_lr002_neg7_seed404|NegRefineCat_d6_lr002_neg8_seed202,history_neg_ratio_refine_indicator_cat_interactions,rank_average_top5_validation_members,-1.0,-1,5,,199,0.0,,test,ranking,0.2,2966,662,0.2231962238705327,0.40489296636085625,0.1102643647154033,2.024191808900464
history_negative_ratio_refinement_ensemble,val_pr_weighted_top5_validation_members,NegRefineCat_d6_lr002_neg7.5_seed37|NegRefineCat_d6_lr002_neg7_seed202|NegRefineCat_d6_lr002_neg8_seed313|NegRefineCat_d6_lr002_neg7_seed404|NegRefineCat_d6_lr002_neg8_seed202,history_neg_ratio_refine_indicator_cat_interactions,val_pr_weighted_top5_validation_members,-1.0,-1,5,,199,0.0,,test,ranking,0.01,149,80,0.5369127516778524,0.04892966360856269,0.1102643647154033,4.869322496562198
history_negative_ratio_refinement_ensemble,val_pr_weighted_top5_validation_members,NegRefineCat_d6_lr002_neg7.5_seed37|NegRefineCat_d6_lr002_neg7_seed202|NegRefineCat_d6_lr002_neg8_seed313|NegRefineCat_d6_lr002_neg7_seed404|NegRefineCat_d6_lr002_neg8_seed202,history_neg_ratio_refine_indicator_cat_interactions,val_pr_weighted_top5_validation_members,-1.0,-1,5,,199,0.0,,test,ranking,0.05,742,249,0.33557951482479786,0.15229357798165138,0.1102643647154033,3.0434085907168824
history_negative_ratio_refinement_ensemble,val_pr_weighted_top5_validation_members,NegRefineCat_d6_lr002_neg7.5_seed37|NegRefineCat_d6_lr002_neg7_seed202|NegRefineCat_d6_lr002_neg8_seed313|NegRefineCat_d6_lr002_neg7_seed404|NegRefineCat_d6_lr002_neg8_seed202,history_neg_ratio_refine_indicator_cat_interactions,val_pr_weighted_top5_validation_members,-1.0,-1,5,,199,0.0,,test,ranking,0.1,1483,417,0.28118678354686444,0.25504587155963304,0.1102643647154033,2.550114756228077
history_negative_ratio_refinement_ensemble,val_pr_weighted_top5_validation_members,NegRefineCat_d6_lr002_neg7.5_seed37|NegRefineCat_d6_lr002_neg7_seed202|NegRefineCat_d6_lr002_neg8_seed313|NegRefineCat_d6_lr002_neg7_seed404|NegRefineCat_d6_lr002_neg8_seed202,history_neg_ratio_refine_indicator_cat_interactions,val_pr_weighted_top5_validation_members,-1.0,-1,5,,199,0.0,,test,ranking,0.2,2966,660,0.222521915037087,0.4036697247706422,0.1102643647154033,2.0180764257920036
history_negative_ratio_refinement_ensemble,score_average_top8_validation_members,NegRefineCat_d6_lr002_neg7.5_seed37|NegRefineCat_d6_lr002_neg7_seed202|NegRefineCat_d6_lr002_neg8_seed313|NegRefineCat_d6_lr002_neg7_seed404|NegRefineCat_d6_lr002_neg8_seed202|NegRefineCat_d6_lr002_neg8.25_seed202|NegRefineCat_d6_lr002_neg8.5_seed202|NegRefineCat_d6_lr002_neg9_seed202,history_neg_ratio_refine_indicator_cat_interactions,score_average_top8_validation_members,-1.0,-1,8,,199,0.0,,test,ranking,0.01,149,83,0.5570469798657718,0.05076452599388379,0.1102643647154033,5.051922090183281
history_negative_ratio_refinement_ensemble,score_average_top8_validation_members,NegRefineCat_d6_lr002_neg7.5_seed37|NegRefineCat_d6_lr002_neg7_seed202|NegRefineCat_d6_lr002_neg8_seed313|NegRefineCat_d6_lr002_neg7_seed404|NegRefineCat_d6_lr002_neg8_seed202|NegRefineCat_d6_lr002_neg8.25_seed202|NegRefineCat_d6_lr002_neg8.5_seed202|NegRefineCat_d6_lr002_neg9_seed202,history_neg_ratio_refine_indicator_cat_interactions,score_average_top8_validation_members,-1.0,-1,8,,199,0.0,,test,ranking,0.05,742,251,0.33827493261455527,0.15351681957186544,0.1102643647154033,3.067853639638303
history_negative_ratio_refinement_ensemble,score_average_top8_validation_members,NegRefineCat_d6_lr002_neg7.5_seed37|NegRefineCat_d6_lr002_neg7_seed202|NegRefineCat_d6_lr002_neg8_seed313|NegRefineCat_d6_lr002_neg7_seed404|NegRefineCat_d6_lr002_neg8_seed202|NegRefineCat_d6_lr002_neg8.25_seed202|NegRefineCat_d6_lr002_neg8.5_seed202|NegRefineCat_d6_lr002_neg9_seed202,history_neg_ratio_refine_indicator_cat_interactions,score_average_top8_validation_members,-1.0,-1,8,,199,0.0,,test,ranking,0.1,1483,418,0.2818610923803102,0.25565749235474006,0.1102643647154033,2.556230139336538
history_negative_ratio_refinement_ensemble,score_average_top8_validation_members,NegRefineCat_d6_lr002_neg7.5_seed37|NegRefineCat_d6_lr002_neg7_seed202|NegRefineCat_d6_lr002_neg8_seed313|NegRefineCat_d6_lr002_neg7_seed404|NegRefineCat_d6_lr002_neg8_seed202|NegRefineCat_d6_lr002_neg8.25_seed202|NegRefineCat_d6_lr002_neg8.5_seed202|NegRefineCat_d6_lr002_neg9_seed202,history_neg_ratio_refine_indicator_cat_interactions,score_average_top8_validation_members,-1.0,-1,8,,199,0.0,,test,ranking,0.2,2966,662,0.2231962238705327,0.40489296636085625,0.1102643647154033,2.024191808900464
history_negative_ratio_refinement_ensemble,rank_average_top8_validation_members,NegRefineCat_d6_lr002_neg7.5_seed37|NegRefineCat_d6_lr002_neg7_seed202|NegRefineCat_d6_lr002_neg8_seed313|NegRefineCat_d6_lr002_neg7_seed404|NegRefineCat_d6_lr002_neg8_seed202|NegRefineCat_d6_lr002_neg8.25_seed202|NegRefineCat_d6_lr002_neg8.5_seed202|NegRefineCat_d6_lr002_neg9_seed202,history_neg_ratio_refine_indicator_cat_interactions,rank_average_top8_validation_members,-1.0,-1,8,,199,0.0,,test,ranking,0.01,149,82,0.5503355704697986,0.05015290519877676,0.1102643647154033,4.991055558976253
history_negative_ratio_refinement_ensemble,rank_average_top8_validation_members,NegRefineCat_d6_lr002_neg7.5_seed37|NegRefineCat_d6_lr002_neg7_seed202|NegRefineCat_d6_lr002_neg8_seed313|NegRefineCat_d6_lr002_neg7_seed404|NegRefineCat_d6_lr002_neg8_seed202|NegRefineCat_d6_lr002_neg8.25_seed202|NegRefineCat_d6_lr002_neg8.5_seed202|NegRefineCat_d6_lr002_neg9_seed202,history_neg_ratio_refine_indicator_cat_interactions,rank_average_top8_validation_members,-1.0,-1,8,,199,0.0,,test,ranking,0.05,742,250,0.33692722371967654,0.1529051987767584,0.1102643647154033,3.0556311151775923
history_negative_ratio_refinement_ensemble,rank_average_top8_validation_members,NegRefineCat_d6_lr002_neg7.5_seed37|NegRefineCat_d6_lr002_neg7_seed202|NegRefineCat_d6_lr002_neg8_seed313|NegRefineCat_d6_lr002_neg7_seed404|NegRefineCat_d6_lr002_neg8_seed202|NegRefineCat_d6_lr002_neg8.25_seed202|NegRefineCat_d6_lr002_neg8.5_seed202|NegRefineCat_d6_lr002_neg9_seed202,history_neg_ratio_refine_indicator_cat_interactions,rank_average_top8_validation_members,-1.0,-1,8,,199,0.0,,test,ranking,0.1,1483,419,0.2825354012137559,0.25626911314984707,0.1102643647154033,2.5623455224449985
history_negative_ratio_refinement_ensemble,rank_average_top8_validation_members,NegRefineCat_d6_lr002_neg7.5_seed37|NegRefineCat_d6_lr002_neg7_seed202|NegRefineCat_d6_lr002_neg8_seed313|NegRefineCat_d6_lr002_neg7_seed404|NegRefineCat_d6_lr002_neg8_seed202|NegRefineCat_d6_lr002_neg8.25_seed202|NegRefineCat_d6_lr002_neg8.5_seed202|NegRefineCat_d6_lr002_neg9_seed202,history_neg_ratio_refine_indicator_cat_interactions,rank_average_top8_validation_members,-1.0,-1,8,,199,0.0,,test,ranking,0.2,2966,661,0.22285906945380984,0.40428134556574924,0.1102643647154033,2.0211341173462336
history_negative_ratio_refinement_ensemble,val_pr_weighted_top8_validation_members,NegRefineCat_d6_lr002_neg7.5_seed37|NegRefineCat_d6_lr002_neg7_seed202|NegRefineCat_d6_lr002_neg8_seed313|NegRefineCat_d6_lr002_neg7_seed404|NegRefineCat_d6_lr002_neg8_seed202|NegRefineCat_d6_lr002_neg8.25_seed202|NegRefineCat_d6_lr002_neg8.5_seed202|NegRefineCat_d6_lr002_neg9_seed202,history_neg_ratio_refine_indicator_cat_interactions,val_pr_weighted_top8_validation_members,-1.0,-1,8,,199,0.0,,test,ranking,0.01,149,83,0.5570469798657718,0.05076452599388379,0.1102643647154033,5.051922090183281
history_negative_ratio_refinement_ensemble,val_pr_weighted_top8_validation_members,NegRefineCat_d6_lr002_neg7.5_seed37|NegRefineCat_d6_lr002_neg7_seed202|NegRefineCat_d6_lr002_neg8_seed313|NegRefineCat_d6_lr002_neg7_seed404|NegRefineCat_d6_lr002_neg8_seed202|NegRefineCat_d6_lr002_neg8.25_seed202|NegRefineCat_d6_lr002_neg8.5_seed202|NegRefineCat_d6_lr002_neg9_seed202,history_neg_ratio_refine_indicator_cat_interactions,val_pr_weighted_top8_validation_members,-1.0,-1,8,,199,0.0,,test,ranking,0.05,742,251,0.33827493261455527,0.15351681957186544,0.1102643647154033,3.067853639638303
history_negative_ratio_refinement_ensemble,val_pr_weighted_top8_validation_members,NegRefineCat_d6_lr002_neg7.5_seed37|NegRefineCat_d6_lr002_neg7_seed202|NegRefineCat_d6_lr002_neg8_seed313|NegRefineCat_d6_lr002_neg7_seed404|NegRefineCat_d6_lr002_neg8_seed202|NegRefineCat_d6_lr002_neg8.25_seed202|NegRefineCat_d6_lr002_neg8.5_seed202|NegRefineCat_d6_lr002_neg9_seed202,history_neg_ratio_refine_indicator_cat_interactions,val_pr_weighted_top8_validation_members,-1.0,-1,8,,199,0.0,,test,ranking,0.1,1483,418,0.2818610923803102,0.25565749235474006,0.1102643647154033,2.556230139336538
history_negative_ratio_refinement_ensemble,val_pr_weighted_top8_validation_members,NegRefineCat_d6_lr002_neg7.5_seed37|NegRefineCat_d6_lr002_neg7_seed202|NegRefineCat_d6_lr002_neg8_seed313|NegRefineCat_d6_lr002_neg7_seed404|NegRefineCat_d6_lr002_neg8_seed202|NegRefineCat_d6_lr002_neg8.25_seed202|NegRefineCat_d6_lr002_neg8.5_seed202|NegRefineCat_d6_lr002_neg9_seed202,history_neg_ratio_refine_indicator_cat_interactions,val_pr_weighted_top8_validation_members,-1.0,-1,8,,199,0.0,,test,ranking,0.2,2966,661,0.22285906945380984,0.40428134556574924,0.1102643647154033,2.0211341173462336
history_negative_ratio_refinement_ensemble,score_average_top12_validation_members,NegRefineCat_d6_lr002_neg7.5_seed37|NegRefineCat_d6_lr002_neg7_seed202|NegRefineCat_d6_lr002_neg8_seed313|NegRefineCat_d6_lr002_neg7_seed404|NegRefineCat_d6_lr002_neg8_seed202|NegRefineCat_d6_lr002_neg8.25_seed202|NegRefineCat_d6_lr002_neg8.5_seed202|NegRefineCat_d6_lr002_neg9_seed202|NegRefineCat_d6_lr002_neg8_seed73|NegRefineCat_d6_lr002_neg8_seed131|NegRefineCat_d6_lr002_neg8_seed404|NegRefineCat_d6_lr002_neg8.25_seed404,history_neg_ratio_refine_indicator_cat_interactions,score_average_top12_validation_members,-1.0,-1,12,,199,0.0,,test,ranking,0.01,149,81,0.5436241610738255,0.04954128440366973,0.1102643647154033,4.9301890277692255
history_negative_ratio_refinement_ensemble,score_average_top12_validation_members,NegRefineCat_d6_lr002_neg7.5_seed37|NegRefineCat_d6_lr002_neg7_seed202|NegRefineCat_d6_lr002_neg8_seed313|NegRefineCat_d6_lr002_neg7_seed404|NegRefineCat_d6_lr002_neg8_seed202|NegRefineCat_d6_lr002_neg8.25_seed202|NegRefineCat_d6_lr002_neg8.5_seed202|NegRefineCat_d6_lr002_neg9_seed202|NegRefineCat_d6_lr002_neg8_seed73|NegRefineCat_d6_lr002_neg8_seed131|NegRefineCat_d6_lr002_neg8_seed404|NegRefineCat_d6_lr002_neg8.25_seed404,history_neg_ratio_refine_indicator_cat_interactions,score_average_top12_validation_members,-1.0,-1,12,,199,0.0,,test,ranking,0.05,742,253,0.34097035040431267,0.1547400611620795,0.1102643647154033,3.0922986885597235
history_negative_ratio_refinement_ensemble,score_average_top12_validation_members,NegRefineCat_d6_lr002_neg7.5_seed37|NegRefineCat_d6_lr002_neg7_seed202|NegRefineCat_d6_lr002_neg8_seed313|NegRefineCat_d6_lr002_neg7_seed404|NegRefineCat_d6_lr002_neg8_seed202|NegRefineCat_d6_lr002_neg8.25_seed202|NegRefineCat_d6_lr002_neg8.5_seed202|NegRefineCat_d6_lr002_neg9_seed202|NegRefineCat_d6_lr002_neg8_seed73|NegRefineCat_d6_lr002_neg8_seed131|NegRefineCat_d6_lr002_neg8_seed404|NegRefineCat_d6_lr002_neg8.25_seed404,history_neg_ratio_refine_indicator_cat_interactions,score_average_top12_validation_members,-1.0,-1,12,,199,0.0,,test,ranking,0.1,1483,418,0.2818610923803102,0.25565749235474006,0.1102643647154033,2.556230139336538
history_negative_ratio_refinement_ensemble,score_average_top12_validation_members,NegRefineCat_d6_lr002_neg7.5_seed37|NegRefineCat_d6_lr002_neg7_seed202|NegRefineCat_d6_lr002_neg8_seed313|NegRefineCat_d6_lr002_neg7_seed404|NegRefineCat_d6_lr002_neg8_seed202|NegRefineCat_d6_lr002_neg8.25_seed202|NegRefineCat_d6_lr002_neg8.5_seed202|NegRefineCat_d6_lr002_neg9_seed202|NegRefineCat_d6_lr002_neg8_seed73|NegRefineCat_d6_lr002_neg8_seed131|NegRefineCat_d6_lr002_neg8_seed404|NegRefineCat_d6_lr002_neg8.25_seed404,history_neg_ratio_refine_indicator_cat_interactions,score_average_top12_validation_members,-1.0,-1,12,,199,0.0,,test,ranking,0.2,2966,664,0.22387053270397841,0.40611620795107034,0.1102643647154033,2.030307192008925
history_negative_ratio_refinement_ensemble,rank_average_top12_validation_members,NegRefineCat_d6_lr002_neg7.5_seed37|NegRefineCat_d6_lr002_neg7_seed202|NegRefineCat_d6_lr002_neg8_seed313|NegRefineCat_d6_lr002_neg7_seed404|NegRefineCat_d6_lr002_neg8_seed202|NegRefineCat_d6_lr002_neg8.25_seed202|NegRefineCat_d6_lr002_neg8.5_seed202|NegRefineCat_d6_lr002_neg9_seed202|NegRefineCat_d6_lr002_neg8_seed73|NegRefineCat_d6_lr002_neg8_seed131|NegRefineCat_d6_lr002_neg8_seed404|NegRefineCat_d6_lr002_neg8.25_seed404,history_neg_ratio_refine_indicator_cat_interactions,rank_average_top12_validation_members,-1.0,-1,12,,199,0.0,,test,ranking,0.01,149,81,0.5436241610738255,0.04954128440366973,0.1102643647154033,4.9301890277692255
history_negative_ratio_refinement_ensemble,rank_average_top12_validation_members,NegRefineCat_d6_lr002_neg7.5_seed37|NegRefineCat_d6_lr002_neg7_seed202|NegRefineCat_d6_lr002_neg8_seed313|NegRefineCat_d6_lr002_neg7_seed404|NegRefineCat_d6_lr002_neg8_seed202|NegRefineCat_d6_lr002_neg8.25_seed202|NegRefineCat_d6_lr002_neg8.5_seed202|NegRefineCat_d6_lr002_neg9_seed202|NegRefineCat_d6_lr002_neg8_seed73|NegRefineCat_d6_lr002_neg8_seed131|NegRefineCat_d6_lr002_neg8_seed404|NegRefineCat_d6_lr002_neg8.25_seed404,history_neg_ratio_refine_indicator_cat_interactions,rank_average_top12_validation_members,-1.0,-1,12,,199,0.0,,test,ranking,0.05,742,254,0.3423180592991914,0.15535168195718654,0.1102643647154033,3.1045212130204343
history_negative_ratio_refinement_ensemble,rank_average_top12_validation_members,NegRefineCat_d6_lr002_neg7.5_seed37|NegRefineCat_d6_lr002_neg7_seed202|NegRefineCat_d6_lr002_neg8_seed313|NegRefineCat_d6_lr002_neg7_seed404|NegRefineCat_d6_lr002_neg8_seed202|NegRefineCat_d6_lr002_neg8.25_seed202|NegRefineCat_d6_lr002_neg8.5_seed202|NegRefineCat_d6_lr002_neg9_seed202|NegRefineCat_d6_lr002_neg8_seed73|NegRefineCat_d6_lr002_neg8_seed131|NegRefineCat_d6_lr002_neg8_seed404|NegRefineCat_d6_lr002_neg8.25_seed404,history_neg_ratio_refine_indicator_cat_interactions,rank_average_top12_validation_members,-1.0,-1,12,,199,0.0,,test,ranking,0.1,1483,418,0.2818610923803102,0.25565749235474006,0.1102643647154033,2.556230139336538
history_negative_ratio_refinement_ensemble,rank_average_top12_validation_members,NegRefineCat_d6_lr002_neg7.5_seed37|NegRefineCat_d6_lr002_neg7_seed202|NegRefineCat_d6_lr002_neg8_seed313|NegRefineCat_d6_lr002_neg7_seed404|NegRefineCat_d6_lr002_neg8_seed202|NegRefineCat_d6_lr002_neg8.25_seed202|NegRefineCat_d6_lr002_neg8.5_seed202|NegRefineCat_d6_lr002_neg9_seed202|NegRefineCat_d6_lr002_neg8_seed73|NegRefineCat_d6_lr002_neg8_seed131|NegRefineCat_d6_lr002_neg8_seed404|NegRefineCat_d6_lr002_neg8.25_seed404,history_neg_ratio_refine_indicator_cat_interactions,rank_average_top12_validation_members,-1.0,-1,12,,199,0.0,,test,ranking,0.2,2966,666,0.22454484153742413,0.4073394495412844,0.1102643647154033,2.0364225751173852
history_negative_ratio_refinement_ensemble,val_pr_weighted_top12_validation_members,NegRefineCat_d6_lr002_neg7.5_seed37|NegRefineCat_d6_lr002_neg7_seed202|NegRefineCat_d6_lr002_neg8_seed313|NegRefineCat_d6_lr002_neg7_seed404|NegRefineCat_d6_lr002_neg8_seed202|NegRefineCat_d6_lr002_neg8.25_seed202|NegRefineCat_d6_lr002_neg8.5_seed202|NegRefineCat_d6_lr002_neg9_seed202|NegRefineCat_d6_lr002_neg8_seed73|NegRefineCat_d6_lr002_neg8_seed131|NegRefineCat_d6_lr002_neg8_seed404|NegRefineCat_d6_lr002_neg8.25_seed404,history_neg_ratio_refine_indicator_cat_interactions,val_pr_weighted_top12_validation_members,-1.0,-1,12,,199,0.0,,test,ranking,0.01,149,81,0.5436241610738255,0.04954128440366973,0.1102643647154033,4.9301890277692255
history_negative_ratio_refinement_ensemble,val_pr_weighted_top12_validation_members,NegRefineCat_d6_lr002_neg7.5_seed37|NegRefineCat_d6_lr002_neg7_seed202|NegRefineCat_d6_lr002_neg8_seed313|NegRefineCat_d6_lr002_neg7_seed404|NegRefineCat_d6_lr002_neg8_seed202|NegRefineCat_d6_lr002_neg8.25_seed202|NegRefineCat_d6_lr002_neg8.5_seed202|NegRefineCat_d6_lr002_neg9_seed202|NegRefineCat_d6_lr002_neg8_seed73|NegRefineCat_d6_lr002_neg8_seed131|NegRefineCat_d6_lr002_neg8_seed404|NegRefineCat_d6_lr002_neg8.25_seed404,history_neg_ratio_refine_indicator_cat_interactions,val_pr_weighted_top12_validation_members,-1.0,-1,12,,199,0.0,,test,ranking,0.05,742,253,0.34097035040431267,0.1547400611620795,0.1102643647154033,3.0922986885597235
history_negative_ratio_refinement_ensemble,val_pr_weighted_top12_validation_members,NegRefineCat_d6_lr002_neg7.5_seed37|NegRefineCat_d6_lr002_neg7_seed202|NegRefineCat_d6_lr002_neg8_seed313|NegRefineCat_d6_lr002_neg7_seed404|NegRefineCat_d6_lr002_neg8_seed202|NegRefineCat_d6_lr002_neg8.25_seed202|NegRefineCat_d6_lr002_neg8.5_seed202|NegRefineCat_d6_lr002_neg9_seed202|NegRefineCat_d6_lr002_neg8_seed73|NegRefineCat_d6_lr002_neg8_seed131|NegRefineCat_d6_lr002_neg8_seed404|NegRefineCat_d6_lr002_neg8.25_seed404,history_neg_ratio_refine_indicator_cat_interactions,val_pr_weighted_top12_validation_members,-1.0,-1,12,,199,0.0,,test,ranking,0.1,1483,417,0.28118678354686444,0.25504587155963304,0.1102643647154033,2.550114756228077
history_negative_ratio_refinement_ensemble,val_pr_weighted_top12_validation_members,NegRefineCat_d6_lr002_neg7.5_seed37|NegRefineCat_d6_lr002_neg7_seed202|NegRefineCat_d6_lr002_neg8_seed313|NegRefineCat_d6_lr002_neg7_seed404|NegRefineCat_d6_lr002_neg8_seed202|NegRefineCat_d6_lr002_neg8.25_seed202|NegRefineCat_d6_lr002_neg8.5_seed202|NegRefineCat_d6_lr002_neg9_seed202|NegRefineCat_d6_lr002_neg8_seed73|NegRefineCat_d6_lr002_neg8_seed131|NegRefineCat_d6_lr002_neg8_seed404|NegRefineCat_d6_lr002_neg8.25_seed404,history_neg_ratio_refine_indicator_cat_interactions,val_pr_weighted_top12_validation_members,-1.0,-1,12,,199,0.0,,test,ranking,0.2,2966,664,0.22387053270397841,0.40611620795107034,0.1102643647154033,2.030307192008925
